P. Name,CRS_Yscore,DRS_Yscore,CRS_Norm,DRS_Norm
Earth,1,1,0.0031762706,0.0059927031
55 Cnc e,1.906421,1.77387,0.0060553089,0.0106302763
61 Vir b,1.612348,1.530004,0.0051212535,0.0091688598
alf Cen B b,1.091001,1.077714,0.0034653144,0.0064584201
BD-061339 b,1.834313,1.718731,0.0058262744,0.0102998447
CoRoT-7 b,1.699794,1.608759,0.0053990057,0.0096408151
CoRoT-7 c,1.835839,1.719606,0.0058311214,0.0103050883
PSR 1719-14 b,4.437543,1.651144,0.0140948373,0.0098948158
GJ 176 b,1.821584,1.708136,0.0057858437,0.010236352
GJ 667C b,1.64051,1.554721,0.0052107036,0.0093169814
KIC-5522786 b,1.197287,1.419643,0.0038029075,0.0085074991
GJ 667C d,1.601706,1.521566,0.0050874516,0.0091182933
GJ 667C e,1.351929,1.307206,0.0042940923,0.0078336975
GJ 667C f,1.352102,1.307373,0.0042946418,0.0078346983
GJ 667C g,1.555178,1.481873,0.0049396661,0.008880425
GJ 676A d,1.547722,1.475552,0.0049159838,0.0088425451
GJ 832 c,1.622592,1.539553,0.0051537912,0.0092260841
GJ 1214 b,2.169943,1.96753,0.0068923261,0.0117908232
GJ 3634 b,1.737835,1.63742,0.0055198342,0.009812572
Gl 15 A b,1.621618,1.538636,0.0051506975,0.0092205888
Gl 581 c,1.622906,1.53985,0.0051547886,0.0092278639
Gl 581 e,1.239261,1.209328,0.0039362282,0.0072471437
Gl 649 c,1.878396,1.755906,0.0059662939,0.0105226234
Gliese 876 d,1.627898,1.54406,0.0051706445,0.0092530932
HD 1461 b,1.789715,1.680583,0.0056846191,0.010071235
HD 1461 c,1.670543,1.580107,0.0053060966,0.0094691122
HD 7924 b,1.867774,1.746751,0.0059325556,0.0104677602
HD 20794 b,1.361756,1.315509,0.0043253055,0.0078834549
HD 20794 c,1.312699,1.273294,0.0041694872,0.007630473
HD 20794 d,1.575476,1.499367,0.0050041381,0.0089852613
HD 39194 b,1.487106,1.423163,0.004723451,0.0085285934
HD 39194 c,1.674725,1.583778,0.0053193797,0.0094911114
HD 39194 d,1.60531,1.524909,0.0050988989,0.009138327
HD 40307 b,1.513815,1.446301,0.004808286,0.0086672525
HD 40307 c,1.711127,1.614687,0.0054350023,0.0096763399
HD 40307 d,1.87815,1.755688,0.0059655126,0.010521317
HD 40307 e,1.445701,1.388205,0.0045919375,0.0083191005
HD 40307 f,1.612859,1.531242,0.0051228766,0.0091762787
HD 40307 g,1.743769,1.642265,0.0055386822,0.0098416066
HD 85512 b,1.445109,1.387658,0.0045900572,0.0083158225
HD 93385 b,1.829396,1.714315,0.0058106567,0.0102733809
HD 96700 b,1.863955,1.743362,0.0059204254,0.0104474509
HD 97658 b,1.997877,1.841992,0.0063457979,0.0110385112
HD 134606 b,1.876988,1.754595,0.0059618218,0.010514767
HD 136352 b,1.624724,1.540972,0.005160563,0.0092345877
HD 136352 d,1.877841,1.755393,0.0059645311,0.0105195491
HD 154088 b,1.684517,1.59217,0.0053504818,0.0095414022
HD 156668 b,1.530862,1.460796,0.0048624319,0.0087541168
HD 181433 b,1.777895,1.671198,0.0056470756,0.0100149935
HD 215152 b,1.373022,1.325273,0.0043610894,0.0079419677
HD 215152 c,1.406248,1.354037,0.0044666241,0.0081143418
HD 215497 b,1.711822,1.614679,0.0054372098,0.0096762919
Kapteyn's b,1.574564,1.498503,0.0050012413,0.0089800836
Kapteyn's c,1.73455,1.634487,0.0055094001,0.0097949954
Kepler-4 b,3.202379,2.786668,0.0101716222,0.0166996741
Kepler-9 d,1.822456,1.695752,0.0057886134,0.0101621383
Kepler-10 b,1.467845,1.403871,0.0046622729,0.0084129822
Kepler-10 c,2.261313,2.075562,0.0071825419,0.0124382269
Kepler-11 b,1.531987,1.443108,0.0048660052,0.0086481178
Kepler-18 b,1.85884,1.731712,0.0059041788,0.0103776359
Kepler-19 b,2.134442,1.970187,0.0067795653,0.0118067458
Kepler-20 b,1.839477,1.722669,0.0058426767,0.0103234439
Kepler-20 c,2.578965,2.306303,0.0081914906,0.0138209892
Kepler-20 e,0.890165,0.987393,0.0028274049,0.0059171531
Kepler-20 f,1.008296,1.00523,0.0032026209,0.006024045
Kepler-21 b,1.60576,1.522445,0.0051003282,0.0091235609
Kepler-22 b,2.26112,2.075409,0.0071819289,0.01243731
Kepler-23 b,1.839517,1.722461,0.0058428037,0.0103221974
Kepler-24 b,2.26819,2.081306,0.0072043852,0.012472649
Kepler-26 e,2.321162,2.125091,0.0073726386,0.0127350395
Kepler-33 b,1.742462,1.63997,0.0055345308,0.0098278534
Kepler-36 b,1.488231,1.428318,0.0047270243,0.0085594858
Kepler-37 b,0.676247,0.872248,0.0021479434,0.0052271233
Kepler-37 c,0.814214,0.959037,0.002586164,0.005747224
Kepler-37 d,1.859249,1.739811,0.0059054779,0.0104261708
Kepler-38(AB) b,3.92185,3.383346,0.0124568568,0.0202753882
Kepler-42 b,0.816093,0.961712,0.0025921322,0.0057632545
Kepler-42 c,0.807396,0.958715,0.0025645082,0.0057452944
Kepler-42 d,0.754325,0.925641,0.0023959403,0.0055470917
Kepler-48 b,1.813288,1.700616,0.0057594933,0.0101912868
Kepler-48 c,2.383051,2.156925,0.0075692148,0.0129258112
Kepler-48 d,1.888447,1.758561,0.0059982186,0.010538534
Kepler-49 d,1.548298,1.476016,0.0049178134,0.0088453257
Kepler-49 e,1.501693,1.436338,0.0047697833,0.0086075472
Kepler-50 b,2.779829,2.503557,0.0088294891,0.0150030739
Kepler-50 c,2.659849,2.398254,0.0084484001,0.0143720243
Kepler-52 b,2.043521,1.894344,0.0064907756,0.0113522412
Kepler-52 c,1.7173,1.620027,0.0054546095,0.0097083409
Kepler-52 d,1.868558,1.747632,0.0059350458,0.0104730398
Kepler-53 d,2.038267,1.88983,0.0064740875,0.0113251902
Kepler-54 b,2.043276,1.89412,0.0064899974,0.0113508989
Kepler-54 c,1.200261,1.175361,0.0038123537,0.0070435896
Kepler-54 d,1.464044,1.403971,0.0046501999,0.0084135814
Kepler-55 b,2.373878,2.168823,0.0075400788,0.0129971124
Kepler-55 c,2.149855,1.982843,0.0068285212,0.0118825895
Kepler-55 d,1.54231,1.470589,0.0048987939,0.0088128033
Kepler-55 e,1.499438,1.434126,0.0047626208,0.0085942914
Kepler-55 f,1.531953,1.462187,0.0048658972,0.0087624526
Kepler-57 b,2.153832,1.98623,0.0068411532,0.0119028868
Kepler-57 c,314.834639,166.869604,1,1
Kepler-58 b,16.470806,12.203102,0.0523157365,0.0731295677
Kepler-58 c,22.376547,16.029697,0.0710739678,0.0960612156
Kepler-59 b,265.210253,142.701156,0.8423795229,0.8551656658
Kepler-59 c,38.072832,25.600643,0.120929616,0.1534170537
Kepler-60 b,6.296963,5.179141,0.0200008583,0.0310370545
Kepler-60 c,10.141667,7.918996,0.0322126785,0.0474561922
Kepler-60 d,10.766198,8.355335,0.0341963579,0.0500710423
Kepler-61 b,2.060998,1.908765,0.0065462873,0.011438662
Kepler-62 b,1.281825,1.246049,0.004071423,0.0074672018
Kepler-62 c,0.744609,0.921938,0.0023650797,0.0055249007
Kepler-62 d,1.869466,1.748472,0.0059379298,0.0104780736
Kepler-62 e,1.547538,1.475502,0.0049153994,0.0088422455
Kepler-62 f,1.362128,1.316121,0.0043264871,0.0078871225
Kepler-65 b,1.410625,1.354991,0.0044805267,0.0081200588
Kepler-65 c,2.475552,2.249549,0.007863023,0.0134808794
Kepler-65 d,1.393932,1.334485,0.0044275052,0.0079971725
Kepler-68 b,2.038418,1.873534,0.0064745671,0.0112275331
Kepler-68 c,0.9232,0.989847,0.002932333,0.0059318592
Kepler-69 b,2.143254,1.977415,0.0068075546,0.0118500611
Kepler-69 c,1.641635,1.555781,0.0052142769,0.0093233337
Kepler-70  b,1.146886,1.097852,0.0036428203,0.0065791011
Kepler-70 c,1.135926,1.093456,0.0036080083,0.0065527572
Kepler-78 b,1.215225,1.18432,0.0038598834,0.0070972782
Kepler-80 b,2.263346,2.077408,0.0071889993,0.0124492894
Kepler-80 d,1.367284,1.319953,0.0043428639,0.0079100865
Kepler-80 e,1.455791,1.396535,0.0046239861,0.0083690197
Kepler-80 f,1.287667,1.249927,0.0040899788,0.0074904415
Kepler-81 c,2.364309,2.160972,0.0075096851,0.0129500637
Kepler-81 d,1.181878,1.159197,0.0037539643,0.0069467235
Kepler-82 d,1.722213,1.622954,0.0054702145,0.0097258815
Kepler-82 e,2.37871,2.172876,0.0075554266,0.0130214008
Kepler-83 b,2.251008,2.066987,0.0071498105,0.0123868395
Kepler-83 c,1.858884,1.739474,0.0059043186,0.0104241513
Kepler-83 d,1.860219,1.740656,0.0059085589,0.0104312347
Kepler-84 b,2.119446,1.95743,0.006731934,0.0117302969
Kepler-84 c,2.313482,2.118896,0.0073482448,0.0126979147
Kepler-84 d,1.359442,1.31246,0.0043179556,0.0078651832
Kepler-84 f,2.111717,1.951203,0.0067073846,0.0116929803
Kepler-85 b,1.98757,1.854286,0.0063130601,0.0111121855
Kepler-85 c,2.166337,2.000449,0.0068808725,0.011988097
Kepler-85 d,1.179803,1.157121,0.0037473736,0.0069342827
Kepler-85 e,1.241198,1.210935,0.0039423807,0.007256774
Kepler-89 b,2.0792,1.927014,0.0066041018,0.0115480229
Kepler-90 b,1.291194,1.253464,0.0041011815,0.0075116376
Kepler-90 c,1.17911,1.155701,0.0037451724,0.006925773
Kepler-92 b,3.213553,2.83299,0.0102071138,0.0169772681
Kepler-92 c,2.118769,1.925013,0.0067297836,0.0115360315
Kepler-93 b,1.465306,1.406085,0.0046542083,0.00842625
Kepler-101 c,1.314417,1.273261,0.004174944,0.0076302752
Kepler-105 c,1.566126,1.490614,0.0049744399,0.0089328072
Kepler-107 b,1.532162,1.460489,0.0048665611,0.008752277
Kepler-107 c,1.748488,1.645217,0.005553671,0.0098592971
Kepler-107 d,1.064718,1.054515,0.0033818325,0.0063193954
Kepler-110 b,1.765396,1.660384,0.0056073754,0.0099501884
Kepler-110 c,2.12227,1.96005,0.0067409038,0.0117459978
Kepler-111 b,1.546815,1.473457,0.004913103,0.0088299904
Kepler-112 b,2.274406,2.086618,0.0072241289,0.0125044822
Kepler-112 c,2.312231,2.117786,0.0073442713,0.0126912628
Kepler-114 b,3.74277,3.238204,0.0118880502,0.0194055953
Kepler-114 c,8.095384,6.449893,0.02571313,0.038652294
Kepler-114 d,2.042619,1.862003,0.0064879106,0.0111584312
Kepler-115 b,1.103394,1.087172,0.0035046779,0.0065150991
Kepler-116 c,2.217353,2.038864,0.0070429131,0.0122183067
Kepler-118 b,1.888006,1.763661,0.0059968179,0.0105690968
Kepler-119 c,0.935217,0.993708,0.0029705022,0.0059549971
Kepler-120 b,2.062589,1.910215,0.0065513408,0.0114473514
Kepler-120 c,1.465414,1.405166,0.0046545514,0.0084207427
Kepler-121 b,2.258495,2.073043,0.0071735912,0.0124231313
Kepler-121 c,2.181007,2.008857,0.0069274684,0.0120384837
Kepler-122 b,2.263733,2.077106,0.0071902285,0.0124474797
Kepler-122 d,2.113644,1.952821,0.0067135052,0.0117026765
Kepler-123 c,1.436235,1.379727,0.004561871,0.0082682943
Kepler-124 b,0.811978,0.962378,0.0025790618,0.0057672457
Kepler-124 c,1.680373,1.588589,0.0053373193,0.0095199423
Kepler-124 d,1.091433,1.079558,0.0034666865,0.0064694706
Kepler-125 b,2.273368,2.085707,0.0072208319,0.0124990229
Kepler-125 c,0.803288,0.955755,0.00255146,0.005727556
Kepler-126 b,1.482525,1.418993,0.0047089005,0.0085036038
Kepler-126 c,1.53185,1.461806,0.0048655701,0.0087601694
Kepler-126 d,2.415109,2.202893,0.0076710397,0.0132012838
Kepler-127 b,1.368391,1.32083,0.0043463801,0.0079153421
Kepler-128 b,15.351427,11.34549,0.0487602859,0.0679901536
Kepler-128 c,16.791598,12.286464,0.0533346586,0.0736291314
Kepler-129 b,2.277125,2.088773,0.0072327651,0.0125173965
Kepler-130 b,1.024759,1.019138,0.0032549119,0.0061073915
Kepler-130 d,1.575702,1.499581,0.0050048559,0.0089865438
Kepler-132 b,1.202007,1.175431,0.0038178995,0.007044009
Kepler-132 c,1.26523,1.230709,0.0040187128,0.0073752737
Kepler-132 d,1.502737,1.436787,0.0047730993,0.008610238
Kepler-133 b,1.70518,1.608987,0.0054161131,0.0096421814
Kepler-134 b,1.924687,1.794019,0.0061133267,0.0107510233
Kepler-134 c,1.233472,1.203384,0.0039178408,0.0072115231
Kepler-135 b,1.745832,1.643181,0.0055452348,0.0098470959
Kepler-135 c,1.142498,1.123572,0.0036288828,0.0067332335
Kepler-136 b,1.975977,1.83744,0.0062762376,0.0110112325
Kepler-136 c,1.915641,1.786959,0.0060845941,0.0107087148
Kepler-137 b,1.428461,1.373037,0.0045371786,0.0082282031
Kepler-137 c,1.803609,1.693033,0.0057287502,0.0101458442
Kepler-138 c,1.33191,1.270043,0.0042305065,0.0076109907
Kepler-138 d,1.330011,1.268411,0.0042244748,0.0076012106
Kepler-140 b,1.57734,1.499207,0.0050100586,0.0089843025
Kepler-140 c,1.7262,1.627515,0.0054828783,0.0097532143
Kepler-141 b,0.800858,0.957556,0.0025437417,0.0057383488
Kepler-141 c,1.374178,1.326207,0.0043647611,0.0079475649
Kepler-142 b,1.937352,1.803612,0.0061535542,0.0108085113
Kepler-142 d,2.07286,1.918826,0.0065839642,0.0114989546
Kepler-143 b,2.323972,2.127575,0.0073815639,0.0127499254
Kepler-144 b,1.312861,1.272065,0.0041700018,0.0076231079
Kepler-144 c,1.316262,1.275459,0.0041808043,0.0076434472
Kepler-145 b,2.565333,2.326141,0.0081481917,0.0139398725
Kepler-145 c,3.75453,3.236293,0.0119254032,0.0193941432
Kepler-147 b,1.480698,1.417563,0.0047030975,0.0084950342
Kepler-147 c,2.344956,2.145033,0.0074482147,0.012854546
Kepler-148 b,1.74905,1.645647,0.0055554561,0.0098618739
Kepler-149 c,1.54829,1.476216,0.004917788,0.0088465243
Kepler-150 b,1.238734,1.207485,0.0039345544,0.0072360992
Kepler-151 c,1.994348,1.853186,0.0063345889,0.0111055936
Kepler-152 c,2.300744,2.108179,0.0073077855,0.0126336909
Kepler-154 b,2.171549,2.001024,0.0068974272,0.0119915428
Kepler-155 b,1.995131,1.853862,0.0063370759,0.0111096446
Kepler-155 c,2.149803,1.982796,0.006828356,0.0118823078
Kepler-156 b,2.214662,2.036743,0.0070343657,0.0122055962
Kepler-157 b,1.314897,1.272705,0.0041764687,0.0076269433
Kepler-157 c,2.153336,1.985833,0.0068395778,0.0119005077
Kepler-158 b,2.033199,1.885673,0.0064579902,0.0113002785
Kepler-158 c,1.821425,1.707989,0.0057853386,0.010235471
Kepler-159 b,2.283459,2.094074,0.0072528836,0.0125491638
Kepler-160 b,1.494346,1.42908,0.0047464472,0.0085640522
Kepler-161 b,2.040084,1.891274,0.0064798588,0.0113338436
Kepler-161 c,1.969992,1.8327,0.0062572276,0.010982827
Kepler-162 b,1.233804,1.203645,0.0039188953,0.0072130872
Kepler-163 b,1.049389,1.04137,0.0033331434,0.0062406213
Kepler-163 c,2.171813,2.001262,0.0068982657,0.0119929691
Kepler-164 b,1.385984,1.335493,0.0044022602,0.0080032131
Kepler-164 d,2.365139,2.161703,0.0075123214,0.0129544444
Kepler-165 b,2.231753,2.051068,0.0070886514,0.0122914416
Kepler-165 c,2.141142,1.975674,0.0068008463,0.0118396278
Kepler-166 b,2.182841,2.010474,0.0069332936,0.0120481739
Kepler-166 c,2.282887,2.09356,0.0072510668,0.0125460836
Kepler-167 b,1.403305,1.351238,0.0044572764,0.0080975682
Kepler-167 c,1.335012,1.292327,0.0042403593,0.0077445321
Kepler-168 b,1.434052,1.376804,0.0045549372,0.0082507777
Kepler-169 b,1.125496,1.108611,0.0035748798,0.0066435766
Kepler-169 c,1.192466,1.167921,0.0037875947,0.0069990038
Kepler-169 d,1.226514,1.197837,0.0038957403,0.0071782816
Kepler-169 e,2.111939,1.951404,0.0067080897,0.0116941849
Kepler-171 b,2.259338,2.073701,0.0071762688,0.0124270745
Kepler-171 d,1.811586,1.699665,0.0057540873,0.0101855878
Kepler-172 b,2.27822,2.089072,0.0072362432,0.0125191883
Kepler-172 d,2.161968,1.993085,0.0068669953,0.0119439667
Kepler-173 b,1.27744,1.241221,0.0040574951,0.007438269
Kepler-173 c,2.348781,2.148113,0.007460364,0.0128730035
Kepler-174 b,1.878341,1.755864,0.0059661192,0.0105223717
Kepler-174 c,1.436625,1.380444,0.0045631097,0.0082725911
Kepler-174 d,2.090965,1.933823,0.0066414706,0.0115888272
Kepler-176 b,1.397462,1.346052,0.0044387174,0.00806649
Kepler-179 b,1.594293,1.514546,0.0050639059,0.0090762246
Kepler-179 c,1.91381,1.785504,0.0060787784,0.0106999954
Kepler-180 b,1.457192,1.397659,0.0046284361,0.0083757555
Kepler-181 b,1.254163,1.22132,0.003983561,0.0073190082
Kepler-181 c,1.917268,1.788244,0.0060897619,0.0107164154
Kepler-183 b,1.987052,1.846705,0.0063114148,0.0110667549
Kepler-183 c,2.183698,2.011159,0.0069360157,0.0120522789
Kepler-184 b,2.274135,2.086394,0.0072232681,0.0125031399
Kepler-184 c,1.889957,1.76567,0.0060030148,0.0105811362
Kepler-184 d,2.405336,2.194865,0.007639998,0.0131531744
Kepler-185 b,1.161775,1.139647,0.0036901117,0.0068295662
Kepler-185 c,1.936348,1.804606,0.0061503652,0.010814468
Kepler-186 b,1.123231,1.107442,0.0035676856,0.0066365712
Kepler-186 c,1.301391,1.263426,0.0041335699,0.007571337
Kepler-186 d,1.501715,1.436359,0.0047698532,0.0086076731
Kepler-186 e,1.288817,1.2526,0.0040936315,0.00750646
Kepler-186 f,1.086295,1.075074,0.0034503668,0.0064425993
Kepler-187 b,1.388853,1.337696,0.0044113729,0.008016415
Kepler-188 b,1.645958,1.557294,0.005228008,0.0093324006
Kepler-189 b,1.189657,1.165654,0.0037786725,0.0069854184
Kepler-189 c,2.283277,2.09391,0.0072523056,0.012548181
Kepler-190 b,1.523803,1.454122,0.0048400106,0.0087141215
Kepler-190 c,1.426005,1.370563,0.0045293777,0.0082133772
Kepler-191 b,1.308458,1.269249,0.0041560166,0.0076062325
Kepler-191 c,1.78392,1.676279,0.0056662126,0.0100454424
Kepler-193 b,2.306322,2.112852,0.0073255027,0.0126616948
Kepler-194 b,1.487822,1.422283,0.0047257252,0.0085233198
Kepler-194 d,2.312115,2.117681,0.0073439028,0.0126906336
Kepler-195 b,1.950646,1.816552,0.0061957795,0.0108860569
Kepler-195 c,1.493329,1.429085,0.004743217,0.0085640822
Kepler-196 b,1.821967,1.708492,0.0057870602,0.0102384854
Kepler-196 c,2.150358,1.983299,0.0068301188,0.0118853221
Kepler-197 b,1.029182,1.022578,0.0032689605,0.0061280064
Kepler-197 c,1.215746,1.187988,0.0038615382,0.0071192594
Kepler-197 d,1.202333,1.176438,0.0038189349,0.0070500437
Kepler-197 e,0.916194,0.984256,0.00291008,0.005898354
Kepler-198 c,2.37448,2.169359,0.007541991,0.0130003245
Kepler-200 b,2.049833,1.899471,0.0065108242,0.0113829658
Kepler-200 c,1.54081,1.469396,0.0048940295,0.008805654
Kepler-201 b,2.365418,2.161951,0.0075132076,0.0129559305
Kepler-202 b,1.568965,1.49359,0.0049834574,0.0089506415
Kepler-202 c,1.77398,1.66797,0.0056346405,0.0099956491
Kepler-203 c,2.383171,2.176353,0.0075695959,0.0130422375
Kepler-203 d,1.39606,1.344941,0.0044342643,0.0080598322
Kepler-204 c,1.722973,1.624731,0.0054726284,0.0097365306
Kepler-205 b,1.467238,1.406376,0.0046603449,0.0084279939
Kepler-205 c,1.575539,1.499427,0.0050043382,0.0089856209
Kepler-206 b,1.189984,1.165251,0.0037797112,0.0069830033
Kepler-206 c,1.708777,1.612504,0.0054275381,0.0096632578
Kepler-206 d,1.171346,1.14951,0.0037205118,0.0068886722
Kepler-207 b,1.55374,1.477445,0.0049350986,0.0088538893
Kepler-207 c,1.479285,1.414699,0.0046986094,0.0084778711
Kepler-208 b,1.584216,1.505462,0.0050318987,0.0090217869
Kepler-208 c,1.365584,1.317966,0.0043374643,0.007898179
Kepler-208 d,1.189012,1.164489,0.0037766238,0.0069784369
Kepler-208 e,1.440276,1.382964,0.0045747063,0.0082876927
Kepler-209 b,2.172001,2.001432,0.0068988629,0.0119939878
Kepler-211 b,1.233158,1.203137,0.0039168435,0.0072100429
Kepler-211 c,1.267262,1.233259,0.004025167,0.0073905551
Kepler-212 b,1.085105,1.073083,0.0034465871,0.0064306679
Kepler-213 b,1.58778,1.508161,0.0050432189,0.0090379612
Kepler-213 c,2.263363,2.07682,0.0071890533,0.0124457657
Kepler-214 c,2.045503,1.89601,0.006497071,0.0113622251
Kepler-215 b,1.571672,1.495741,0.0049920555,0.0089635318
Kepler-215 c,1.706735,1.610873,0.0054210522,0.0096534837
Kepler-215 d,2.302347,2.109615,0.007312877,0.0126422964
Kepler-215 e,1.67838,1.586919,0.005330989,0.0095099345
Kepler-216 b,2.272389,2.084584,0.0072177223,0.0124922931
Kepler-217 b,2.162839,1.992595,0.0068697619,0.0119410303
Kepler-217 c,1.794614,1.684363,0.0057001796,0.0100938874
Kepler-218 b,1.449389,1.390089,0.0046036516,0.0083303907
Kepler-220 b,0.835353,0.97245,0.0026533072,0.0058276042
Kepler-220 c,1.516163,1.448562,0.0048157439,0.008680802
Kepler-220 d,0.963494,0.986268,0.0030603176,0.0059104113
Kepler-220 e,1.289258,1.252989,0.0040950322,0.0075087911
Kepler-221 b,1.660544,1.571058,0.005274337,0.0094148842
Kepler-223 b,1.638232,1.552332,0.0052034681,0.0093026649
Kepler-223 c,1.915913,1.787175,0.0060854581,0.0107100092
Kepler-223 e,2.312915,2.118398,0.0073464439,0.0126949303
Kepler-224 b,1.361108,1.31447,0.0043232473,0.0078772285
Kepler-224 d,2.210792,2.0336,0.0070220736,0.0121867611
Kepler-224 e,1.88845,1.764408,0.0059982282,0.0105735734
Kepler-225 b,1.175091,1.153222,0.003732407,0.0069109171
Kepler-225 c,1.763107,1.658661,0.0056001049,0.009939863
Kepler-226 b,1.509541,1.442163,0.0047947107,0.0086424547
Kepler-226 c,2.187395,2.014092,0.0069477584,0.0120698555
Kepler-226 d,1.201899,1.176092,0.0038175564,0.0070479702
Kepler-228 b,1.492529,1.426683,0.0047406759,0.0085496877
Kepler-229 b,2.11446,1.953475,0.0067160971,0.0117065958
Kepler-230 c,1.954351,1.819584,0.0062075476,0.0109042268
Kepler-231 b,1.650924,1.563659,0.0052437813,0.0093705442
Kepler-231 c,1.848533,1.730691,0.005871441,0.0103715174
Kepler-233 b,2.34516,2.145216,0.0074488627,0.0128556427
Kepler-235 b,2.141575,1.976066,0.0068022217,0.0118419769
Kepler-235 c,1.249251,1.217948,0.0039679592,0.0072988008
Kepler-235 d,1.964714,1.828328,0.0062404633,0.0109566269
Kepler-235 e,2.130823,1.967071,0.0067680704,0.0117880726
Kepler-236 b,1.511777,1.444922,0.0048018128,0.0086589886
Kepler-236 c,1.906414,1.779387,0.0060552867,0.0106633381
Kepler-237 b,1.376218,1.327841,0.0043712407,0.0079573569
Kepler-237 c,1.995792,1.854397,0.0063391754,0.0111128507
Kepler-238 b,1.674456,1.582388,0.0053185253,0.0094827815
Kepler-238 c,2.305517,2.112217,0.0073229458,0.0126578895
Kepler-238 f,2.194268,2.02622,0.0069695889,0.012142535
Kepler-239 b,2.241376,2.05903,0.0071192166,0.0123391555
Kepler-240 b,1.340374,1.296627,0.0042573905,0.0077703007
Kepler-240 c,2.112324,1.951754,0.0067093126,0.0116962823
Kepler-241 b,2.24111,2.058791,0.0071183717,0.0123377233
Kepler-242 c,1.908037,1.780843,0.0060604418,0.0106720634
Kepler-243 b,2.365947,2.162423,0.0075148878,0.0129587591
Kepler-243 c,1.907493,1.780381,0.0060587139,0.0106692948
Kepler-244 c,1.969063,1.831956,0.0062542769,0.0109783685
Kepler-244 d,2.220932,2.042026,0.007054281,0.0122372556
Kepler-245 c,2.082976,1.927293,0.0066160954,0.0115496948
Kepler-246 b,2.256192,2.071236,0.0071662763,0.0124123025
Kepler-246 c,1.453957,1.395053,0.0046181608,0.0083601385
Kepler-247 b,1.591417,1.512304,0.005054771,0.0090627889
Kepler-249 b,1.077348,1.066815,0.0034219488,0.0063931056
Kepler-249 c,1.457097,1.398069,0.0046281343,0.0083782125
Kepler-249 d,1.510343,1.443681,0.004797258,0.0086515517
Kepler-250 b,1.12478,1.108049,0.0035726056,0.0066402087
Kepler-250 c,2.18329,2.010833,0.0069347198,0.0120503252
Kepler-250 d,2.08299,1.927306,0.0066161398,0.0115497727
Kepler-251 b,1.308302,1.268526,0.0041555211,0.0076018997
Kepler-252 b,1.205314,1.179594,0.0038284034,0.0070689567
Kepler-252 c,2.062267,1.909921,0.006550318,0.0114455896
Kepler-253 b,1.573587,1.497251,0.0049981381,0.0089725808
Kepler-254 c,2.065803,1.912852,0.0065615493,0.0114631542
Kepler-254 d,2.416085,2.20376,0.0076741397,0.0132064795
Kepler-255 b,1.507539,1.440595,0.0047883518,0.0086330582
Kepler-256 b,1.566005,1.488718,0.0049740556,0.008921445
Kepler-256 c,2.082105,1.925553,0.0066133288,0.0115392675
Kepler-256 d,2.402,2.191777,0.0076294019,0.0131346689
Kepler-256 e,2.267123,2.080465,0.0072009961,0.0124676091
Kepler-260 b,1.923174,1.793446,0.006108521,0.0107475895
Kepler-260 c,1.66932,1.579268,0.005302212,0.0094640843
Kepler-261 b,2.083367,1.927649,0.0066173373,0.0115518282
Kepler-261 c,1.907281,1.780186,0.0060580405,0.0106681262
Kepler-262 b,1.328032,1.286223,0.004218189,0.0077079526
Kepler-262 c,1.580889,1.503885,0.0050213312,0.0090123364
Kepler-263 c,2.374183,2.169095,0.0075410476,0.0129987424
Kepler-265 b,1.797457,1.687099,0.0057092098,0.0101102835
Kepler-265 d,2.405299,2.194833,0.0076398804,0.0131529826
Kepler-266 b,2.398471,2.189033,0.0076181929,0.0131182249
Kepler-267 b,1.902957,1.776561,0.0060443063,0.0106464027
Kepler-267 c,2.043761,1.894563,0.0064915379,0.0113535536
Kepler-267 d,2.180627,2.008514,0.0069262614,0.0120364282
Kepler-269 b,2.380959,2.174634,0.00756257,0.013031936
Kepler-269 c,1.636083,1.55064,0.0051966423,0.0092925252
Kepler-270 b,1.92934,1.798322,0.0061281059,0.0107768099
Kepler-270 c,1.706672,1.610823,0.0054208521,0.0096531841
Kepler-271 b,0.897081,0.986962,0.002849372,0.0059145703
Kepler-271 c,1.00372,1.000795,0.0031880863,0.0059974673
Kepler-272 b,1.40462,1.351634,0.0044614532,0.0080999413
Kepler-272 c,1.729751,1.630145,0.0054941572,0.0097689751
Kepler-272 d,2.162228,1.993294,0.0068678212,0.0119452192
Kepler-273 b,1.467915,1.406069,0.0046624952,0.0084261541
Kepler-273 c,1.905882,1.778902,0.0060535969,0.0106604316
Kepler-274 b,1.487314,1.42356,0.0047241117,0.0085309725
Kepler-274 c,1.765728,1.660911,0.0056084299,0.0099533466
Kepler-275 b,2.25935,2.073711,0.0071763069,0.0124271344
Kepler-276 c,2.470475,2.221497,0.007846897,0.013312772
Kepler-276 d,2.413626,2.177928,0.0076663292,0.013051676
Kepler-277 b,3.508031,3.087721,0.0111424556,0.0185037953
Kepler-277 c,3.160795,2.798973,0.0100395402,0.0167734143
Kepler-279 c,3.581751,3.095488,0.0113766103,0.0185503407
Kepler-279 d,2.865135,2.558136,0.009100444,0.0153301496
Kepler-280 b,1.418286,1.362888,0.0045048601,0.0081673832
Kepler-280 c,1.929982,1.798823,0.006130145,0.0107798122
Kepler-282 b,1.01397,1.009763,0.0032206431,0.0060512099
Kepler-282 c,1.184545,1.160951,0.0037624354,0.0069572347
Kepler-282 d,4.106992,3.545615,0.0130449178,0.0212478181
Kepler-282 e,2.984202,2.663678,0.009478633,0.0159626315
Kepler-283 b,2.043477,1.894304,0.0064906359,0.0113520015
Kepler-283 c,1.735285,1.635174,0.0055117347,0.0097991124
Kepler-284 b,2.151632,1.984451,0.0068341654,0.0118922257
Kepler-285 b,1.320732,1.278938,0.0041950022,0.0076642958
Kepler-285 c,1.112397,1.097248,0.0035332739,0.0065754815
Kepler-286 b,1.237038,1.205277,0.0039291674,0.0072228673
Kepler-286 c,1.347475,1.302187,0.0042799452,0.0078036201
Kepler-286 d,1.306187,1.266866,0.0041488033,0.0075919519
Kepler-286 e,1.700018,1.605404,0.0053997172,0.0096207096
Kepler-287 b,2.24166,2.059285,0.0071201187,0.0123406837
Kepler-288 b,1.622765,1.538928,0.0051543407,0.0092223387
Kepler-289 b,2.344609,2.144724,0.0074471126,0.0128526943
Kepler-290 b,2.161401,1.992573,0.0068651944,0.0119408985
Kepler-291 b,2.0897,1.932102,0.0066374526,0.0115785137
Kepler-291 c,1.818143,1.704645,0.0057749141,0.0102154314
Kepler-292 b,1.303545,1.264074,0.0041404116,0.0075752202
Kepler-292 c,1.436176,1.379153,0.0045616836,0.0082648545
Kepler-292 d,2.144357,1.978295,0.006811058,0.0118553347
Kepler-292 f,2.263008,2.077104,0.0071879257,0.0124474677
Kepler-294 b,1.718912,1.620426,0.0054597296,0.009710732
Kepler-295 b,1.200409,1.174897,0.0038128238,0.0070408089
Kepler-295 c,1.143319,1.125106,0.0036314905,0.0067424263
Kepler-295 d,1.322108,1.281383,0.0041993727,0.0076789479
Kepler-296 b,0.944389,0.989054,0.002999635,0.005927107
Kepler-296 c,2.062759,1.91037,0.0065518807,0.0114482803
Kepler-296 d,2.180892,2.008754,0.0069271031,0.0120378664
Kepler-296 e,1.677868,1.586438,0.0053293628,0.009507052
Kepler-296 f,1.716655,1.619423,0.0054525608,0.0097047213
Kepler-298 b,1.87832,1.755844,0.0059660525,0.0105222519
Kepler-298 c,1.84884,1.730976,0.0058724161,0.0103732253
Kepler-298 d,2.413605,2.201558,0.0076662625,0.0131932835
Kepler-299 b,1.306845,1.266611,0.0041508933,0.0075904237
Kepler-299 d,1.788626,1.680109,0.0056811601,0.0100683945
Kepler-299 e,1.792991,1.684015,0.0056950246,0.010091802
Kepler-300 b,1.615397,1.533133,0.005130938,0.0091876109
Kepler-300 c,2.161097,1.992298,0.0068642288,0.0119392505
Kepler-301 b,1.324907,1.282144,0.0042082631,0.0076835084
Kepler-301 c,1.316832,1.275905,0.0041826147,0.0076461199
Kepler-301 d,1.685586,1.592841,0.0053538772,0.0095454233
Kepler-303 b,0.891951,0.982893,0.0028330777,0.005890186
Kepler-303 c,1.121198,1.105755,0.0035612282,0.0066264615
Kepler-304 c,2.08499,1.928965,0.0066224924,0.0115597146
Kepler-306 b,1.477003,1.414642,0.0046913612,0.0084775296
Kepler-306 c,2.263633,2.077665,0.0071899109,0.0124508296
Kepler-306 d,2.374849,2.169688,0.007543163,0.0130022961
Kepler-306 e,2.180819,2.008687,0.0069268712,0.0120374649
Kepler-308 b,2.039254,1.890615,0.0064772225,0.0113298944
Kepler-308 c,2.074127,1.91989,0.0065879886,0.0115053308
Kepler-309 b,1.511143,1.444159,0.004799799,0.0086544162
Kepler-310 b,1.172297,1.150279,0.0037235325,0.0068932806
Kepler-310 d,2.373942,2.168881,0.0075402821,0.01299746
Kepler-311 b,1.646869,1.55961,0.0052309015,0.0093462797
Kepler-311 c,1.392879,1.342401,0.0044241606,0.0080446107
Kepler-312 b,1.295656,1.254913,0.004115354,0.0075203211
Kepler-314 b,0.857523,0.984383,0.0027237251,0.0058991151
Kepler-316 b,1.057624,1.048931,0.0033593,0.0062859321
Kepler-316 c,1.131414,1.114646,0.003593677,0.0066797426
Kepler-317 b,2.004018,1.860953,0.0063653034,0.0111521389
Kepler-317 c,1.652547,1.564776,0.0052489364,0.009377238
Kepler-319 b,1.575672,1.498883,0.0050047606,0.0089823609
Kepler-319 d,2.191718,2.017819,0.0069614894,0.0120921903
Kepler-320 b,1.136047,1.1177,0.0036083927,0.0066980443
Kepler-320 c,1.338364,1.295026,0.0042510062,0.0077607064
Kepler-321 b,1.718288,1.619946,0.0054577476,0.0097078555
Kepler-321 c,2.23354,2.052503,0.0070943274,0.0123000412
Kepler-322 b,1.026254,1.019262,0.0032596604,0.0061081346
Kepler-322 c,1.620559,1.537208,0.0051473339,0.0092120312
Kepler-323 b,1.42,1.363255,0.0045103042,0.0081695825
Kepler-323 c,1.58461,1.505762,0.0050331501,0.0090235847
Kepler-324 b,1.133641,1.115815,0.0036007506,0.0066867481
Kepler-326 b,1.485545,1.421338,0.0047184929,0.0085176567
Kepler-326 c,1.368492,1.32091,0.0043467009,0.0079158215
Kepler-326 d,1.192818,1.168203,0.0037887127,0.0070006938
Kepler-327 b,1.099102,1.085908,0.0034910453,0.0065075243
Kepler-327 c,1.022306,1.018108,0.0032471205,0.006101219
Kepler-327 d,1.650777,1.563521,0.0052433144,0.0093697172
Kepler-328 b,2.25871,2.076533,0.0071742741,0.0124440458
Kepler-329 b,1.358404,1.312761,0.0043146587,0.007866987
Kepler-329 c,1.848821,1.730959,0.0058723557,0.0103731234
Kepler-330 b,1.308377,1.269182,0.0041557594,0.007605831
Kepler-330 c,1.869731,1.748717,0.0059387716,0.0104795419
Kepler-331 b,1.736618,1.636413,0.0055159687,0.0098065373
Kepler-331 c,1.763462,1.658992,0.0056012325,0.0099418466
Kepler-331 d,1.575261,1.499163,0.0050034552,0.0089840388
Kepler-332 b,1.145594,1.126958,0.0036387165,0.0067535247
Kepler-332 c,1.076372,1.066009,0.0034188487,0.0063882755
Kepler-332 d,1.154966,1.135547,0.0036684845,0.0068049961
Kepler-333 b,1.284043,1.248437,0.004078468,0.0074815123
Kepler-333 c,1.089797,1.078161,0.0034614901,0.0064610988
Kepler-334 b,1.118711,1.102207,0.0035533288,0.0066051994
Kepler-334 c,1.394827,1.34396,0.004430348,0.0080539533
Kepler-334 d,1.371383,1.323944,0.0043558835,0.0079340034
Kepler-336 b,1.041912,1.032233,0.0033093944,0.0061858659
Kepler-336 c,2.014678,1.869884,0.0063991625,0.0112056597
Kepler-336 d,2.274015,2.086287,0.0072228869,0.0125024987
Kepler-337 b,1.507897,1.439396,0.0047894889,0.0086258729
Kepler-337 c,1.979564,1.840235,0.0062876309,0.0110279821
Kepler-338 b,2.360455,2.157699,0.0074974438,0.0129304496
Kepler-338 c,2.253514,2.069117,0.0071577702,0.0123996039
Kepler-339 b,1.388697,1.338297,0.0044108774,0.0080200166
Kepler-339 c,1.139762,1.121409,0.0036201925,0.0067202712
Kepler-339 d,1.146612,1.12778,0.00364195,0.0067584507
Kepler-341 b,1.17408,1.150959,0.0037291958,0.0068973556
Kepler-341 c,1.646388,1.559233,0.0052293738,0.0093440205
Kepler-341 d,1.776881,1.670371,0.0056438548,0.0100100375
Kepler-341 e,1.907431,1.780324,0.006058517,0.0106689532
Kepler-342 b,2.167665,1.997617,0.0068850906,0.0119711257
Kepler-342 c,1.88404,1.760508,0.0059842208,0.0105502018
Kepler-342 d,2.405847,2.19532,0.007641621,0.0131559011
Kepler-343 b,2.329796,2.132152,0.0074000625,0.012777354
Kepler-343 c,1.940666,1.80813,0.0061640803,0.0108355863
Kepler-345 b,0.805445,0.957538,0.0025583113,0.005738241
Kepler-345 c,1.177709,1.155401,0.0037407224,0.0069239752
Kepler-347 b,1.895341,1.770011,0.0060201158,0.0106071505
Kepler-347 c,1.682571,1.590395,0.0053443008,0.0095307651
Kepler-348 b,1.486302,1.421923,0.0047208973,0.0085211624
Kepler-348 c,1.304222,1.265312,0.004142562,0.0075826392
Kepler-349 b,1.835104,1.719033,0.0058287868,0.0103016545
Kepler-349 c,1.884469,1.760851,0.0059855834,0.0105522573
Kepler-350 b,1.787496,1.67885,0.0056775709,0.0100608497
Kepler-350 d,2.440513,2.20175,0.0077517296,0.0131944341
Kepler-352 b,0.870849,0.977659,0.0027660521,0.0058588202
Kepler-352 c,1.214596,1.187647,0.0038578855,0.0071172159
Kepler-353 b,0.885251,0.977432,0.0028117967,0.0058574598
Kepler-353 c,1.33899,1.296118,0.0042529945,0.0077672504
Kepler-354 b,1.769743,1.664178,0.0056211826,0.0099729247
Kepler-354 c,1.275021,1.240467,0.0040498117,0.0074337505
Kepler-354 d,1.210063,1.18387,0.0038434875,0.0070945815
Kepler-355 b,1.424101,1.369061,0.0045233301,0.0082043762
Kepler-356 b,1.536481,1.464559,0.0048802794,0.0087766673
Kepler-356 c,1.738535,1.637499,0.0055220576,0.0098130454
Kepler-357 b,1.772284,1.666215,0.0056292535,0.0099851319
Kepler-360 b,1.611029,1.528335,0.005117064,0.009158858
Kepler-360 c,2.015607,1.87061,0.0064021132,0.0112100104
Kepler-361 b,1.410944,1.357248,0.0044815399,0.0081335844
Kepler-362 b,0.890748,0.981926,0.0028292567,0.005884391
Kepler-362 c,1.393426,1.34317,0.004425898,0.0080492191
Kepler-363 b,1.154301,1.13268,0.0036663723,0.006787815
Kepler-363 c,1.64144,1.554836,0.0052136576,0.0093176706
Kepler-363 d,1.974478,1.836262,0.0062714764,0.0110041731
Kepler-364 b,1.501036,1.435419,0.0047676965,0.0086020399
Kepler-364 c,2.062527,1.910158,0.0065511438,0.0114470098
Kepler-365 b,1.962859,1.826553,0.0062345713,0.0109459899
Kepler-365 c,1.584323,1.506672,0.0050322385,0.009029038
Kepler-366 b,1.436541,1.378704,0.0045628429,0.0082621638
Kepler-366 c,1.727786,1.628591,0.0054879158,0.0097596624
Kepler-367 b,1.263004,1.230132,0.0040116424,0.0073718159
Kepler-367 c,1.171072,1.1498,0.0037196415,0.0068904101
Kepler-369 b,1.116033,1.101037,0.0035448228,0.0065981879
Kepler-369 c,1.362805,1.316776,0.0043286374,0.0078910477
Kepler-370 b,1.54792,1.474994,0.0049166127,0.0088392012
Kepler-370 c,1.824871,1.710881,0.0057962841,0.0102528019
Kepler-371 b,1.811856,1.699916,0.0057549449,0.010187092
Kepler-371 c,1.707294,1.611499,0.0054228277,0.0096572351
Kepler-372 b,1.33898,1.294854,0.0042529628,0.0077596756
Kepler-372 c,1.998829,1.856842,0.0063488217,0.0111275029
Kepler-372 d,1.630001,1.545773,0.0051773242,0.0092633587
Kepler-373 b,1.334351,1.291246,0.0042382598,0.007738054
Kepler-373 c,1.216589,1.189278,0.0038642158,0.00712699
Kepler-374 b,1.048008,1.038292,0.003328757,0.0062221757
Kepler-374 c,1.105287,1.089956,0.0035106906,0.0065317827
Kepler-374 d,1.291458,1.253669,0.00410202,0.0075128662
Kepler-375 b,1.401355,1.349676,0.0044510827,0.0080882076
Kepler-376 b,1.067812,1.056908,0.0033916598,0.0063337359
Kepler-376 c,1.72741,1.628292,0.0054867216,0.0097578706
Kepler-377 b,1.359434,1.313149,0.0043179302,0.0078693121
Kepler-377 c,1.977111,1.838803,0.0062798395,0.0110194005
Kepler-378 b,0.812417,0.957543,0.0025804562,0.0057382709
Kepler-378 c,0.785552,0.945101,0.0024951257,0.0056637097
Kepler-379 b,1.604398,1.523735,0.0050960022,0.0091312915
Kepler-379 c,2.191747,2.017845,0.0069615815,0.0120923461
Kepler-380 b,1.188922,1.163283,0.003776338,0.0069712097
Kepler-380 c,1.255168,1.222103,0.0039867532,0.0073237005
Kepler-381 b,1.00638,1.008443,0.0031965352,0.0060432995
Kepler-381 c,1.116434,1.100431,0.0035460965,0.0065945563
Kepler-382 b,1.300267,1.26153,0.0041299998,0.0075599748
Kepler-382 c,1.539613,1.468439,0.0048902275,0.008799919
Kepler-383 b,1.286692,1.250647,0.0040868819,0.0074947562
Kepler-383 c,1.209179,1.18312,0.0038406797,0.0070900869
Kepler-384 b,1.105284,1.091505,0.003510681,0.0065410654
Kepler-384 c,1.111579,1.097347,0.0035306757,0.0065760748
Kepler-386 b,1.3527,1.307743,0.0042965412,0.0078369156
Kepler-386 c,1.523182,1.454742,0.0048380382,0.008717837
Kepler-387 b,1.035235,1.028498,0.0032881865,0.0061634832
Kepler-387 c,0.893483,0.984117,0.0028379438,0.005897521
Kepler-388 b,0.835991,0.972961,0.0026553336,0.0058306664
Kepler-388 c,0.865296,0.973091,0.0027484142,0.0058314455
Kepler-389 b,1.474493,1.412099,0.0046833887,0.0084622901
Kepler-389 c,1.416827,1.363219,0.0045002259,0.0081693668
Kepler-390 b,0.83665,0.973861,0.0026574268,0.0058360599
Kepler-390 c,0.819321,0.964377,0.0026023852,0.0057792251
Kepler-392 b,1.011596,1.006958,0.0032131026,0.0060344004
Kepler-392 c,1.096668,1.083255,0.0034833143,0.0064916256
Kepler-393 b,1.27409,1.23863,0.0040468546,0.0074227419
Kepler-393 c,1.305803,1.266563,0.0041475836,0.0075901361
Kepler-394 b,1.557578,1.483362,0.0049472892,0.0088893481
Kepler-394 c,1.607973,1.526576,0.0051073573,0.0091483168
Kepler-395 b,1.023132,1.018792,0.0032497441,0.006105318
Kepler-395 c,1.280143,1.24511,0.0040660805,0.0074615746
Kepler-396 b,3.233471,2.854288,0.0102703788,0.0171049007
Kepler-397 b,2.364649,2.161266,0.007510765,0.0129518255
Kepler-398 b,0.936305,0.988615,0.002973958,0.0059244762
Kepler-398 c,1.003099,1.000969,0.0031861138,0.0059985101
Kepler-399 b,0.960724,0.990292,0.0030515194,0.005934526
Kepler-399 c,1.385787,1.336599,0.0044016345,0.008009841
Kepler-399 d,1.811198,1.699305,0.0057528549,0.0101834304
Kepler-400 b,1.600515,1.520206,0.0050836687,0.0091101433
Kepler-400 c,1.447756,1.389644,0.0045984648,0.008327724
Kepler-401 b,1.654766,1.566537,0.0052559846,0.0093877912
Kepler-401 c,2.062745,1.910357,0.0065518362,0.0114482024
Kepler-402 b,1.216857,1.187734,0.0038650671,0.0071177373
Kepler-402 c,1.52361,1.453973,0.0048393976,0.0087132286
Kepler-402 d,1.354908,1.308948,0.0043035544,0.0078441368
Kepler-402 e,1.425847,1.370438,0.0045288759,0.0082126281
Kepler-403 b,1.238462,1.207275,0.0039336904,0.0072348407
Kepler-403 c,1.680753,1.588903,0.0053385263,0.009521824
Kepler-404 b,1.246029,1.214873,0.0039577252,0.0072803732
Kepler-404 c,1.648504,1.561526,0.0052360947,0.0093577618
Kepler-405 b,1.998961,1.856948,0.006349241,0.0111281381
Kepler-413(AB) b,3.672137,3.171109,0.0116637007,0.0190035149
GJ 667C c,1.482312,1.172796,0.004708224,0.0070282183
KOI-82 b,2.11172,1.951206,0.0067073941,0.0116929983
KOI-82 c,1.306339,1.267524,0.0041492861,0.0075958951
KOI-82 d,0.793877,0.951994,0.0025215682,0.0057050174
KOI-1781 b,1.816718,1.703534,0.0057703879,0.0102087736
KOI-1843 b,1.483787,1.409905,0.004712909,0.0084491421
KOI-2700 b,1.045637,1.034947,0.003321226,0.0062021301
MOA-2007-BLG-192-L b,1.406957,1.3547,0.0044688761,0.0081183149
MOA-2010-BLG-328L b,1.856081,1.736871,0.0058954155,0.0104085523
OGLE-05-390L b,1.620743,1.537809,0.0051479183,0.0092156328
OGLE-2013-BLG-0341L b,1.177102,1.15491,0.0037387944,0.0069210328
PSR 1257 12 b,0.67963,0.873934,0.0021586888,0.005237227
PSR 1257 12 c,1.517213,1.449421,0.004819079,0.0086859498
PSR 1257 12 d,1.487796,1.424317,0.0047256427,0.008535509
GJ 163 c,1.754159,3.811899,0.0055716836,0.0228435791
